{"cameraMode":{"drawMode":0,"name":"Shaded","section":"Shading Mode"},"sceneLighting":true,"audioPlay":false,"sceneViewState":{"showFog":true,"showMaterialUpdate":true,"showSkybox":true,"showFlares":true,"showImageEffects":true,"showParticleSystems":true},"in2DMode":false,"pivot":{"x":88.14608764648438,"y":206.848388671875,"z":141.02169799804688},"rotation":{"x":0.197581484913826,"y":0.21467037498950959,"z":-0.04490425065159798,"w":0.9555916786193848},"size":22.0,"orthographic":false}