{"cameraMode":{"drawMode":0,"name":"Shaded","section":"Shading Mode"},"sceneLighting":true,"audioPlay":false,"sceneViewState":{"showFog":true,"showMaterialUpdate":true,"showSkybox":true,"showFlares":true,"showImageEffects":true,"showParticleSystems":true},"in2DMode":false,"pivot":{"x":62.39470672607422,"y":55.624210357666019,"z":81.3662338256836},"rotation":{"x":0.24985946714878083,"y":0.7177326083183289,"z":-0.31563958525657656,"w":0.5681816339492798},"size":3.0848746299743654,"orthographic":false}