{"cameraMode":{"drawMode":2,"name":"Shaded Wireframe","section":"Shading Mode"},"sceneLighting":true,"audioPlay":false,"sceneViewState":{"showFog":false,"showMaterialUpdate":false,"showSkybox":false,"showFlares":false,"showImageEffects":false,"showParticleSystems":false},"in2DMode":false,"pivot":{"x":-2.3525264263153078,"y":11.061583518981934,"z":2.8320791721343996},"rotation":{"x":0.11223751306533814,"y":0.7234579920768738,"z":-0.12113366276025772,"w":0.6703264117240906},"size":3.7914116382598879,"orthographic":false}