{"cameraMode":{"drawMode":0,"name":"Shaded","section":"Shading Mode"},"sceneLighting":true,"audioPlay":false,"sceneViewState":{"showFog":true,"showMaterialUpdate":false,"showSkybox":true,"showFlares":true,"showImageEffects":true,"showParticleSystems":true},"in2DMode":false,"pivot":{"x":4.054253101348877,"y":-3.8013501167297365,"z":-27.813390731811525},"rotation":{"x":0.00549953430891037,"y":0.9942436218261719,"z":-0.08672365546226502,"w":0.06396819651126862},"size":32.82887649536133,"orthographic":false}