{"cameraMode":{"drawMode":0,"name":"Shaded","section":"Shading Mode"},"sceneLighting":true,"audioPlay":false,"sceneViewState":{"showFog":false,"showMaterialUpdate":false,"showSkybox":false,"showFlares":false,"showImageEffects":false,"showParticleSystems":false},"in2DMode":false,"pivot":{"x":514.0183715820313,"y":280.56103515625,"z":494.9056091308594},"rotation":{"x":0.0818437933921814,"y":0.1163189560174942,"z":-0.009625788778066635,"w":0.9897984862327576},"size":3.25162410736084,"orthographic":false}