{"cameraMode":{"drawMode":0,"name":"Shaded","section":"Shading Mode"},"sceneLighting":true,"audioPlay":false,"sceneViewState":{"showFog":false,"showMaterialUpdate":false,"showSkybox":false,"showFlares":false,"showImageEffects":false,"showParticleSystems":false},"in2DMode":false,"pivot":{"x":501.2300109863281,"y":120.31006622314453,"z":502.14239501953127},"rotation":{"x":-0.002928665140643716,"y":-0.21287758648395539,"z":-0.0006474325200542808,"w":0.9770828485488892},"size":3.7913975715637209,"orthographic":false}