{"cameraMode":{"drawMode":0,"name":"Shaded","section":"Shading Mode"},"sceneLighting":true,"audioPlay":false,"sceneViewState":{"showFog":false,"showMaterialUpdate":false,"showSkybox":false,"showFlares":false,"showImageEffects":false,"showParticleSystems":false},"in2DMode":false,"pivot":{"x":500.0098571777344,"y":114.55718231201172,"z":499.9944152832031},"rotation":{"x":0.010620839893817902,"y":-0.2825622260570526,"z":-0.0032269603107124569,"w":-0.9592347741127014},"size":4.091397762298584,"orthographic":false}