{"cameraMode":{"drawMode":0,"name":"Shaded","section":"Shading Mode"},"sceneLighting":true,"audioPlay":false,"sceneViewState":{"showFog":false,"showMaterialUpdate":false,"showSkybox":false,"showFlares":false,"showImageEffects":false,"showParticleSystems":false},"in2DMode":false,"pivot":{"x":-215.84161376953126,"y":367.41168212890627,"z":240.25704956054688},"rotation":{"x":0.14897099137306214,"y":0.8358855843544006,"z":-0.27653777599334719,"w":0.45027634501457217},"size":4.391397953033447,"orthographic":false}