{"cameraMode":{"drawMode":0,"name":"Shaded","section":"Shading Mode"},"sceneLighting":true,"audioPlay":false,"sceneViewState":{"showFog":false,"showMaterialUpdate":false,"showSkybox":false,"showFlares":false,"showImageEffects":false,"showParticleSystems":false},"in2DMode":false,"pivot":{"x":488.8876647949219,"y":224.1790008544922,"z":509.3374328613281},"rotation":{"x":0.04608998820185661,"y":-0.1300087720155716,"z":0.0060417489148676399,"w":0.990431010723114},"size":3.7913975715637209,"orthographic":false}