{"cameraMode":{"drawMode":0,"name":"Shaded","section":"Shading Mode"},"sceneLighting":true,"audioPlay":false,"sceneViewState":{"showFog":true,"showMaterialUpdate":true,"showSkybox":true,"showFlares":true,"showImageEffects":true,"showParticleSystems":true},"in2DMode":false,"pivot":{"x":96.54923248291016,"y":32.20257568359375,"z":-222.9808349609375},"rotation":{"x":-0.020219866186380388,"y":-0.648583710193634,"z":-0.01789858378469944,"w":0.7608577609062195},"size":6.673879146575928,"orthographic":false}