{"cameraMode":{"drawMode":0,"name":"Shaded","section":"Shading Mode"},"sceneLighting":true,"audioPlay":false,"sceneViewState":{"showFog":true,"showMaterialUpdate":true,"showSkybox":true,"showFlares":true,"showImageEffects":true,"showParticleSystems":true},"in2DMode":false,"pivot":{"x":55.888755798339847,"y":67.7578125,"z":47.0606803894043},"rotation":{"x":-0.09886040538549423,"y":0.24511195719242097,"z":-0.024519160389900209,"w":-0.9644302129745483},"size":3.470032215118408,"orthographic":false}