{"cameraMode":{"drawMode":0,"name":"Shaded","section":"Shading Mode"},"sceneLighting":true,"audioPlay":false,"sceneViewState":{"showFog":false,"showMaterialUpdate":false,"showSkybox":false,"showFlares":false,"showImageEffects":false,"showParticleSystems":false},"in2DMode":false,"pivot":{"x":-0.010427355766296387,"y":35.12657165527344,"z":0.03286612033843994},"rotation":{"x":-0.0036566497292369606,"y":0.9762270450592041,"z":-0.016092723235487939,"w":-0.21665537357330323},"size":6.554564952850342,"orthographic":false}