{"cameraMode":{"drawMode":0,"name":"Shaded","section":"Shading Mode"},"sceneLighting":true,"audioPlay":false,"sceneViewState":{"showFog":false,"showMaterialUpdate":false,"showSkybox":false,"showFlares":false,"showImageEffects":false,"showParticleSystems":false},"in2DMode":false,"pivot":{"x":-300.62896728515627,"y":55.450435638427737,"z":-12.870558738708496},"rotation":{"x":-0.061237882822752,"y":-0.9296883940696716,"z":0.18075047433376313,"w":-0.31536322832107546},"size":3.791405439376831,"orthographic":false}