{"cameraMode":{"drawMode":0,"name":"Shaded","section":"Shading Mode"},"sceneLighting":true,"audioPlay":false,"sceneViewState":{"showFog":true,"showMaterialUpdate":false,"showSkybox":true,"showFlares":true,"showImageEffects":true,"showParticleSystems":true},"in2DMode":false,"pivot":{"x":963.6797485351563,"y":289.7222900390625,"z":908.2959594726563},"rotation":{"x":-0.0019186889985576273,"y":0.9037845730781555,"z":-0.42824941873550417,"w":-0.0033395409118384125},"size":1.1665534973144532,"orthographic":false}