{"cameraMode":{"drawMode":0,"name":"Shaded","section":"Shading Mode"},"sceneLighting":true,"audioPlay":false,"sceneViewState":{"showFog":false,"showMaterialUpdate":false,"showSkybox":false,"showFlares":false,"showImageEffects":false,"showParticleSystems":false},"in2DMode":false,"pivot":{"x":27.35968780517578,"y":98.64564514160156,"z":27.505125045776368},"rotation":{"x":0.02838975377380848,"y":-0.9695853590965271,"z":0.13703304529190064,"w":0.2008988857269287},"size":3.7914133071899416,"orthographic":false}