{"cameraMode":{"drawMode":0,"name":"Shaded","section":"Shading Mode"},"sceneLighting":true,"audioPlay":false,"sceneViewState":{"showFog":false,"showMaterialUpdate":false,"showSkybox":false,"showFlares":false,"showImageEffects":false,"showParticleSystems":false},"in2DMode":false,"pivot":{"x":2.6950647830963136,"y":0.9456868171691895,"z":-0.025226354598999025},"rotation":{"x":-0.09345090389251709,"y":-0.7928223013877869,"z":0.1259942203760147,"w":-0.5891041159629822},"size":3.7914111614227297,"orthographic":false}