{"cameraMode":{"drawMode":0,"name":"Shaded","section":"Shading Mode"},"sceneLighting":true,"audioPlay":false,"sceneViewState":{"showFog":false,"showMaterialUpdate":false,"showSkybox":false,"showFlares":false,"showImageEffects":false,"showParticleSystems":false},"in2DMode":false,"pivot":{"x":551.671142578125,"y":276.8887634277344,"z":499.6599426269531},"rotation":{"x":-0.06392818689346314,"y":-0.898796796798706,"z":0.13997972011566163,"w":-0.41047587990760805},"size":3.434933662414551,"orthographic":false}