{"cameraMode":{"drawMode":0,"name":"Shaded","section":"Shading Mode"},"sceneLighting":true,"audioPlay":false,"sceneViewState":{"showFog":true,"showMaterialUpdate":false,"showSkybox":true,"showFlares":true,"showImageEffects":true,"showParticleSystems":true},"in2DMode":false,"pivot":{"x":489.65179443359377,"y":210.50067138671876,"z":504.98187255859377},"rotation":{"x":-0.054202232509851459,"y":-0.6725766062736511,"z":0.04955047369003296,"w":-0.73646080493927},"size":5.007375240325928,"orthographic":false}