{"cameraMode":{"drawMode":0,"name":"Shaded","section":"Shading Mode"},"sceneLighting":true,"audioPlay":false,"sceneViewState":{"showFog":true,"showMaterialUpdate":true,"showSkybox":true,"showFlares":true,"showImageEffects":true,"showParticleSystems":true},"in2DMode":false,"pivot":{"x":-21.387432098388673,"y":-5.665729522705078,"z":58.43915939331055},"rotation":{"x":0.046439848840236667,"y":-0.05069129168987274,"z":0.002221884438768029,"w":0.9978092908859253},"size":73.98915100097656,"orthographic":false}