{"cameraMode":{"drawMode":0,"name":"Shaded","section":"Shading Mode"},"sceneLighting":true,"audioPlay":false,"sceneViewState":{"showFog":false,"showMaterialUpdate":false,"showSkybox":false,"showFlares":false,"showImageEffects":false,"showParticleSystems":false},"in2DMode":false,"pivot":{"x":2.3650968074798586,"y":17.650684356689454,"z":997.8037719726563},"rotation":{"x":0.03481638431549072,"y":-0.9091727137565613,"z":0.40764811635017397,"w":0.07764305919408798},"size":22.0,"orthographic":false}