{"cameraMode":{"drawMode":0,"name":"Shaded","section":"Shading Mode"},"sceneLighting":true,"audioPlay":false,"sceneViewState":{"showFog":true,"showMaterialUpdate":true,"showSkybox":true,"showFlares":true,"showImageEffects":true,"showParticleSystems":true},"in2DMode":false,"pivot":{"x":-1.6281538009643555,"y":13.83068561553955,"z":4.017112731933594},"rotation":{"x":0.11871480941772461,"y":-0.3837500810623169,"z":0.04961656406521797,"w":0.9146161675453186},"size":6.399254322052002,"orthographic":false}