{"cameraMode":{"drawMode":0,"name":"Shaded","section":"Shading Mode"},"sceneLighting":true,"audioPlay":false,"sceneViewState":{"showFog":true,"showMaterialUpdate":true,"showSkybox":true,"showFlares":true,"showImageEffects":true,"showParticleSystems":true},"in2DMode":false,"pivot":{"x":-9.779132843017579,"y":27.19965934753418,"z":0.3754516541957855},"rotation":{"x":0.42938750982284548,"y":0.5512377023696899,"z":-0.5937023758888245,"w":0.3997683525085449},"size":6.688753604888916,"orthographic":false}