{"cameraMode":{"drawMode":0,"name":"Shaded","section":"Shading Mode"},"sceneLighting":true,"audioPlay":false,"sceneViewState":{"showFog":true,"showMaterialUpdate":true,"showSkybox":true,"showFlares":true,"showImageEffects":true,"showParticleSystems":true},"in2DMode":false,"pivot":{"x":311.1990661621094,"y":16.94460678100586,"z":27.507402420043947},"rotation":{"x":-0.07833166420459748,"y":-0.9208269715309143,"z":0.2520264983177185,"w":-0.28813067078590395},"size":0.003093412844464183,"orthographic":false}