{"cameraMode":{"drawMode":0,"name":"Shaded","section":"Shading Mode"},"sceneLighting":true,"audioPlay":false,"sceneViewState":{"showFog":true,"showMaterialUpdate":true,"showSkybox":true,"showFlares":true,"showImageEffects":true,"showParticleSystems":true},"in2DMode":false,"pivot":{"x":13.52722454071045,"y":13.591028213500977,"z":65.06021881103516},"rotation":{"x":0.028416523709893228,"y":-0.3147319555282593,"z":0.009639773517847062,"w":0.949048638343811},"size":22.0,"orthographic":false}