{"cameraMode":{"drawMode":0,"name":"Shaded","section":"Shading Mode"},"sceneLighting":true,"audioPlay":false,"sceneViewState":{"showFog":false,"showMaterialUpdate":false,"showSkybox":false,"showFlares":false,"showImageEffects":false,"showParticleSystems":false},"in2DMode":false,"pivot":{"x":-0.6295194029808044,"y":316.1937255859375,"z":1022.8515625},"rotation":{"x":-0.37089839577674868,"y":-0.6083052754402161,"z":0.384261816740036,"w":-0.5871509313583374},"size":1.0085601806640626,"orthographic":false}