{"cameraMode":{"drawMode":0,"name":"Shaded","section":"Shading Mode"},"sceneLighting":true,"audioPlay":false,"sceneViewState":{"showFog":true,"showMaterialUpdate":false,"showSkybox":true,"showFlares":true,"showImageEffects":true,"showParticleSystems":true},"in2DMode":false,"pivot":{"x":-150.40023803710938,"y":-28.172836303710939,"z":81.59207916259766},"rotation":{"x":0.07466315478086472,"y":-0.5096375942230225,"z":0.04444890096783638,"w":0.8560156226158142},"size":179.62936401367188,"orthographic":false}