{"cameraMode":{"drawMode":0,"name":"Shaded","section":"Shading Mode"},"sceneLighting":true,"audioPlay":false,"sceneViewState":{"showFog":false,"showMaterialUpdate":false,"showSkybox":false,"showFlares":false,"showImageEffects":false,"showParticleSystems":false},"in2DMode":false,"pivot":{"x":3.2033891677856447,"y":14.935171127319336,"z":1.812493920326233},"rotation":{"x":0.3346734941005707,"y":-0.5884642601013184,"z":0.2915952503681183,"w":0.6758590936660767},"size":3.7914116382598879,"orthographic":false}