{"cameraMode":{"drawMode":0,"name":"Shaded","section":"Shading Mode"},"sceneLighting":true,"audioPlay":false,"sceneViewState":{"showFog":true,"showMaterialUpdate":false,"showSkybox":true,"showFlares":true,"showImageEffects":true,"showParticleSystems":true},"in2DMode":false,"pivot":{"x":1.8084349632263184,"y":2.0145456790924074,"z":0.5609300136566162},"rotation":{"x":0.19237488508224488,"y":-0.6910095810890198,"z":0.19908443093299867,"w":0.6677724719047546},"size":1.3316335678100587,"orthographic":false}