{"cameraMode":{"drawMode":0,"name":"Shaded","section":"Shading Mode"},"sceneLighting":true,"audioPlay":false,"sceneViewState":{"showFog":true,"showMaterialUpdate":false,"showSkybox":true,"showFlares":true,"showImageEffects":true,"showParticleSystems":true},"in2DMode":false,"pivot":{"x":761.1669921875,"y":274.8565979003906,"z":391.0978088378906},"rotation":{"x":-0.4030255675315857,"y":0.21463918685913087,"z":-0.09748111665248871,"w":-0.8844373226165772},"size":5.261309623718262,"orthographic":false}